id	yield	reactant_smiles	solvent_smiles	base_smiles	product_smiles	catalyst_smiles
1	19.59429	Nc1ccc(C)cc1.Ic1ccccn1.P(c1ccccc1-c1c(C(C)C)cc(C(C)C)cc1C(C)C)(C1CCCCC1)C1CCCCC1.o1nccc1-c1ccccc1	CS(=O)C	CN(C)P(N(C)C)(N(C)C)=NP(N(C)C)(N(C)C)=NCC	C1=CC=NC(=C1)NC2=CC=C(C=C2)C	CC(=O)[O-].CC(=O)[O-].[Pd+2]
2	25.07366	Nc1ccc(C)cc1.Ic1ccc(CC)cc1.P(c1ccccc1-c1c(C(C)C)cc(C(C)C)cc1C(C)C)(C1CCCCC1)C1CCCCC1.o1nccc1-c1ccccc1	CS(=O)C	CC(C)(C)N=C(N(C)C)N(C)C	CCC1=CC=C(C=C1)NC2=CC=C(C=C2)C	CC(=O)[O-].CC(=O)[O-].[Pd+2]
3	22.45065	Nc1ccc(C)cc1.Ic1ccc(CC)cc1.P(c1ccccc1-c1c(C(C)C)cc(C(C)C)cc1C(C)C)(C1CCCCC1)C1CCCCC1.o1nccc1-c1ccccc1	CS(=O)C	CN1CCCN2C1=NCCC2	CCC1=CC=C(C=C1)NC2=CC=C(C=C2)C	CC(=O)[O-].CC(=O)[O-].[Pd+2]
4	3.60668	Nc1ccc(C)cc1.Clc1ccc(C(F)(F)F)cc1.P(c1ccccc1-c1c(C(C)C)cc(C(C)C)cc1C(C)C)(C1CCCCC1)C1CCCCC1.O(CC)C(=O)c1cc(C)no1	CS(=O)C	CN(C)P(N(C)C)(N(C)C)=NP(N(C)C)(N(C)C)=NCC	C1=CC(=CC=C1C(F)(F)F)NC2=CC=C(C=C2)C	CC(=O)[O-].CC(=O)[O-].[Pd+2]
5	59.47674	Nc1ccc(C)cc1.Ic1ccccn1.P(c1ccccc1-c1c(C(C)C)cc(C(C)C)cc1C(C)C)(C1CCCCC1)C1CCCCC1.O(CC)C(=O)c1cc(C)no1	CS(=O)C	CC(C)(C)N=C(N(C)C)N(C)C	C1=CC=NC(=C1)NC2=CC=C(C=C2)C	CC(=O)[O-].CC(=O)[O-].[Pd+2]
6	70.62989	Nc1ccc(C)cc1.Ic1ccccn1.P(c1ccccc1-c1c(C(C)C)cc(C(C)C)cc1C(C)C)(C1CCCCC1)C1CCCCC1.O(CC)C(=O)c1cc(C)no1	CS(=O)C	CN1CCCN2C1=NCCC2	C1=CC=NC(=C1)NC2=CC=C(C=C2)C	CC(=O)[O-].CC(=O)[O-].[Pd+2]
7	28.7515	Nc1ccc(C)cc1.Brc1ccccn1.P(c1ccccc1-c1c(C(C)C)cc(C(C)C)cc1C(C)C)(C1CCCCC1)C1CCCCC1.O(CC)C(=O)c1cc(C)on1	CS(=O)C	CN(C)P(N(C)C)(N(C)C)=NP(N(C)C)(N(C)C)=NCC	C1=CC=NC(=C1)NC2=CC=C(C=C2)C	CC(=O)[O-].CC(=O)[O-].[Pd+2]
8	51.21654	Nc1ccc(C)cc1.Brc1ccccn1.P(c1ccccc1-c1c(C(C)C)cc(C(C)C)cc1C(C)C)(C1CCCCC1)C1CCCCC1.O(CC)C(=O)c1cc(C)on1	CS(=O)C	CC(C)(C)N=C(N(C)C)N(C)C	C1=CC=NC(=C1)NC2=CC=C(C=C2)C	CC(=O)[O-].CC(=O)[O-].[Pd+2]
9	56.51667	Nc1ccc(C)cc1.Brc1ccccn1.P(c1ccccc1-c1c(C(C)C)cc(C(C)C)cc1C(C)C)(C1CCCCC1)C1CCCCC1.O(CC)C(=O)c1cc(C)on1	CS(=O)C	CN1CCCN2C1=NCCC2	C1=CC=NC(=C1)NC2=CC=C(C=C2)C	CC(=O)[O-].CC(=O)[O-].[Pd+2]
10	68.84655	Nc1ccc(C)cc1.Clc1ccccn1.P(c1ccccc1-c1c(C(C)C)cc(C(C)C)cc1C(C)C)(C(C)(C)C)C(C)(C)C.o1nccc1-c1ccccc1	CS(=O)C	CC(C)(C)N=C(N(C)C)N(C)C	C1=CC=NC(=C1)NC2=CC=C(C=C2)C	CC(=O)[O-].CC(=O)[O-].[Pd+2]
11	98.73132	Nc1ccc(C)cc1.Brc1cccnc1.P(c1ccccc1-c1c(C(C)C)cc(C(C)C)cc1C(C)C)(C(C)(C)C)C(C)(C)C.o1nccc1-c1ccccc1	CS(=O)C	CN1CCCN2C1=NCCC2	C1=CC(=CN=C1)NC2=CC=C(C=C2)C	CC(=O)[O-].CC(=O)[O-].[Pd+2]
12	66.20794	Nc1ccc(C)cc1.Ic1ccccn1.P(c1ccccc1-c1c(C(C)C)cc(C(C)C)cc1C(C)C)(C(C)(C)C)C(C)(C)C.O(CC)C(=O)c1cc(C)no1	CS(=O)C	CN(C)P(N(C)C)(N(C)C)=NP(N(C)C)(N(C)C)=NCC	C1=CC=NC(=C1)NC2=CC=C(C=C2)C	CC(=O)[O-].CC(=O)[O-].[Pd+2]
13	83.08846	Nc1ccc(C)cc1.Brc1ccccn1.P(c1ccccc1-c1c(C(C)C)cc(C(C)C)cc1C(C)C)(C(C)(C)C)C(C)(C)C.O(CC)C(=O)c1cc(C)no1	CS(=O)C	CC(C)(C)N=C(N(C)C)N(C)C	C1=CC=NC(=C1)NC2=CC=C(C=C2)C	CC(=O)[O-].CC(=O)[O-].[Pd+2]
14	86.59758	Nc1ccc(C)cc1.Brc1ccc(CC)cc1.P(c1ccccc1-c1c(C(C)C)cc(C(C)C)cc1C(C)C)(C(C)(C)C)C(C)(C)C.O(CC)C(=O)c1cc(C)no1	CS(=O)C	CN1CCCN2C1=NCCC2	CCC1=CC=C(C=C1)NC2=CC=C(C=C2)C	CC(=O)[O-].CC(=O)[O-].[Pd+2]
15	72.84831	Nc1ccc(C)cc1.Brc1ccc(CC)cc1.P(c1ccccc1-c1c(C(C)C)cc(C(C)C)cc1C(C)C)(C(C)(C)C)C(C)(C)C.O(CC)C(=O)c1cc(C)on1	CS(=O)C	CN(C)P(N(C)C)(N(C)C)=NP(N(C)C)(N(C)C)=NCC	CCC1=CC=C(C=C1)NC2=CC=C(C=C2)C	CC(=O)[O-].CC(=O)[O-].[Pd+2]
16	72.63771	Nc1ccc(C)cc1.Brc1ccc(CC)cc1.P(c1ccccc1-c1c(C(C)C)cc(C(C)C)cc1C(C)C)(C(C)(C)C)C(C)(C)C.O(CC)C(=O)c1cc(C)on1	CS(=O)C	CC(C)(C)N=C(N(C)C)N(C)C	CCC1=CC=C(C=C1)NC2=CC=C(C=C2)C	CC(=O)[O-].CC(=O)[O-].[Pd+2]
17	50.28665	Nc1ccc(C)cc1.Brc1ccc(C(F)(F)F)cc1.P(c1ccccc1-c1c(C(C)C)cc(C(C)C)cc1C(C)C)(C(C)(C)C)C(C)(C)C.O(CC)C(=O)c1cc(C)on1	CS(=O)C	CN1CCCN2C1=NCCC2	C1=CC(=CC=C1C(F)(F)F)NC2=CC=C(C=C2)C	CC(=O)[O-].CC(=O)[O-].[Pd+2]
18	28.4785	Nc1ccc(C)cc1.Brc1ccccn1.CC(C)c1cc(C(C)C)c(-c2c(OC)ccc(OC)c2P(C(C)(C)C)C(C)(C)C)c(C(C)C)c1.o1nccc1-c1ccccc1	CS(=O)C	CN(C)P(N(C)C)(N(C)C)=NP(N(C)C)(N(C)C)=NCC	C1=CC=NC(=C1)NC2=CC=C(C=C2)C	CC(=O)[O-].CC(=O)[O-].[Pd+2]
19	66.88609	Nc1ccc(C)cc1.Ic1ccc(CC)cc1.CC(C)c1cc(C(C)C)c(-c2c(OC)ccc(OC)c2P(C(C)(C)C)C(C)(C)C)c(C(C)C)c1.O(CC)C(=O)c1cc(C)no1	CS(=O)C	CN(C)P(N(C)C)(N(C)C)=NP(N(C)C)(N(C)C)=NCC	CCC1=CC=C(C=C1)NC2=CC=C(C=C2)C	CC(=O)[O-].CC(=O)[O-].[Pd+2]
20	86.41286	Nc1ccc(C)cc1.Brc1cccnc1.CC(C)c1cc(C(C)C)c(-c2c(OC)ccc(OC)c2P(C(C)(C)C)C(C)(C)C)c(C(C)C)c1.O(CC)C(=O)c1cc(C)on1	CS(=O)C	CN1CCCN2C1=NCCC2	C1=CC(=CN=C1)NC2=CC=C(C=C2)C	CC(=O)[O-].CC(=O)[O-].[Pd+2]
21	34.28508	Nc1ccc(C)cc1.Brc1ccc(OC)cc1.P(c1c(OC)ccc(OC)c1-c1c(C(C)C)cc(C(C)C)cc1C(C)C)(C12CC3CC(CC(C3)C1)C2)C12CC3CC(CC(C3)C1)C2.o1nccc1-c1ccccc1	CS(=O)C	CN1CCCN2C1=NCCC2	COC1=CC=C(C=C1)NC2=CC=C(C=C2)C	CC(=O)[O-].CC(=O)[O-].[Pd+2]
22	85.89474	Nc1ccc(C)cc1.Ic1ccc(CC)cc1.P(c1c(OC)ccc(OC)c1-c1c(C(C)C)cc(C(C)C)cc1C(C)C)(C12CC3CC(CC(C3)C1)C2)C12CC3CC(CC(C3)C1)C2.O(CC)C(=O)c1cc(C)no1	CS(=O)C	CN1CCCN2C1=NCCC2	CCC1=CC=C(C=C1)NC2=CC=C(C=C2)C	CC(=O)[O-].CC(=O)[O-].[Pd+2]
23	4.34468	Nc1ccc(C)cc1.Brc1ccc(OC)cc1.P(c1ccccc1-c1c(C(C)C)cc(C(C)C)cc1C(C)C)(C1CCCCC1)C1CCCCC1.o1cc(-c2ccccc2)cn1	CS(=O)C	CN(C)P(N(C)C)(N(C)C)=NP(N(C)C)(N(C)C)=NCC	COC1=CC=C(C=C1)NC2=CC=C(C=C2)C	CC(=O)[O-].CC(=O)[O-].[Pd+2]
24	11.40685	Nc1ccc(C)cc1.Ic1ccc(CC)cc1.P(c1ccccc1-c1c(C(C)C)cc(C(C)C)cc1C(C)C)(C1CCCCC1)C1CCCCC1.o1cc(-c2ccccc2)cn1	CS(=O)C	CC(C)(C)N=C(N(C)C)N(C)C	CCC1=CC=C(C=C1)NC2=CC=C(C=C2)C	CC(=O)[O-].CC(=O)[O-].[Pd+2]
25	28.37187	Nc1ccc(C)cc1.Ic1ccc(OC)cc1.P(c1ccccc1-c1c(C(C)C)cc(C(C)C)cc1C(C)C)(C1CCCCC1)C1CCCCC1.o1ccc(-c2ccccc2)n1	CS(=O)C	CC(C)(C)N=C(N(C)C)N(C)C	COC1=CC=C(C=C1)NC2=CC=C(C=C2)C	CC(=O)[O-].CC(=O)[O-].[Pd+2]
26	27.38026	Nc1ccc(C)cc1.Ic1ccc(OC)cc1.P(c1ccccc1-c1c(C(C)C)cc(C(C)C)cc1C(C)C)(C1CCCCC1)C1CCCCC1.o1ccc(C)n1	CS(=O)C	CN1CCCN2C1=NCCC2	COC1=CC=C(C=C1)NC2=CC=C(C=C2)C	CC(=O)[O-].CC(=O)[O-].[Pd+2]
27	47.02427	Nc1ccc(C)cc1.Brc1ccc(C(F)(F)F)cc1.P(c1ccccc1-c1c(C(C)C)cc(C(C)C)cc1C(C)C)(C(C)(C)C)C(C)(C)C.o1cc(-c2ccccc2)cn1	CS(=O)C	CC(C)(C)N=C(N(C)C)N(C)C	C1=CC(=CC=C1C(F)(F)F)NC2=CC=C(C=C2)C	CC(=O)[O-].CC(=O)[O-].[Pd+2]
28	94.34623	Nc1ccc(C)cc1.Brc1cccnc1.P(c1ccccc1-c1c(C(C)C)cc(C(C)C)cc1C(C)C)(C(C)(C)C)C(C)(C)C.o1cc(-c2ccccc2)cn1	CS(=O)C	CN1CCCN2C1=NCCC2	C1=CC(=CN=C1)NC2=CC=C(C=C2)C	CC(=O)[O-].CC(=O)[O-].[Pd+2]
29	1.57607	Nc1ccc(C)cc1.Brc1cccnc1.P(c1ccccc1-c1c(C(C)C)cc(C(C)C)cc1C(C)C)(C(C)(C)C)C(C)(C)C.o1ccc(-c2ccccc2)n1	CS(=O)C	CN(C)P(N(C)C)(N(C)C)=NP(N(C)C)(N(C)C)=NCC	C1=CC(=CN=C1)NC2=CC=C(C=C2)C	CC(=O)[O-].CC(=O)[O-].[Pd+2]
30	83.09647	Nc1ccc(C)cc1.Brc1ccc(CC)cc1.P(c1ccccc1-c1c(C(C)C)cc(C(C)C)cc1C(C)C)(C(C)(C)C)C(C)(C)C.o1ccc(-c2ccccc2)n1	CS(=O)C	CN1CCCN2C1=NCCC2	CCC1=CC=C(C=C1)NC2=CC=C(C=C2)C	CC(=O)[O-].CC(=O)[O-].[Pd+2]
31	63.14714	Nc1ccc(C)cc1.Brc1ccccn1.P(c1ccccc1-c1c(C(C)C)cc(C(C)C)cc1C(C)C)(C(C)(C)C)C(C)(C)C.o1ccc(C)n1	CS(=O)C	CN(C)P(N(C)C)(N(C)C)=NP(N(C)C)(N(C)C)=NCC	C1=CC=NC(=C1)NC2=CC=C(C=C2)C	CC(=O)[O-].CC(=O)[O-].[Pd+2]
32	32.19059	Nc1ccc(C)cc1.Clc1ccccn1.CC(C)c1cc(C(C)C)c(-c2c(OC)ccc(OC)c2P(C(C)(C)C)C(C)(C)C)c(C(C)C)c1.o1cc(-c2ccccc2)cn1	CS(=O)C	CC(C)(C)N=C(N(C)C)N(C)C	C1=CC=NC(=C1)NC2=CC=C(C=C2)C	CC(=O)[O-].CC(=O)[O-].[Pd+2]
33	70.22907	Nc1ccc(C)cc1.Brc1ccc(CC)cc1.CC(C)c1cc(C(C)C)c(-c2c(OC)ccc(OC)c2P(C(C)(C)C)C(C)(C)C)c(C(C)C)c1.o1ccc(-c2ccccc2)n1	CS(=O)C	CN(C)P(N(C)C)(N(C)C)=NP(N(C)C)(N(C)C)=NCC	CCC1=CC=C(C=C1)NC2=CC=C(C=C2)C	CC(=O)[O-].CC(=O)[O-].[Pd+2]
34	74.23567	Nc1ccc(C)cc1.Brc1ccc(CC)cc1.CC(C)c1cc(C(C)C)c(-c2c(OC)ccc(OC)c2P(C(C)(C)C)C(C)(C)C)c(C(C)C)c1.o1ccc(-c2ccccc2)n1	CS(=O)C	CN1CCCN2C1=NCCC2	CCC1=CC=C(C=C1)NC2=CC=C(C=C2)C	CC(=O)[O-].CC(=O)[O-].[Pd+2]
35	26.39185	Nc1ccc(C)cc1.Ic1ccc(CC)cc1.P(c1c(OC)ccc(OC)c1-c1c(C(C)C)cc(C(C)C)cc1C(C)C)(C12CC3CC(CC(C3)C1)C2)C12CC3CC(CC(C3)C1)C2.o1cc(-c2ccccc2)cn1	CS(=O)C	CN(C)P(N(C)C)(N(C)C)=NP(N(C)C)(N(C)C)=NCC	CCC1=CC=C(C=C1)NC2=CC=C(C=C2)C	CC(=O)[O-].CC(=O)[O-].[Pd+2]
36	82.4636	Nc1ccc(C)cc1.Brc1ccc(CC)cc1.P(c1c(OC)ccc(OC)c1-c1c(C(C)C)cc(C(C)C)cc1C(C)C)(C12CC3CC(CC(C3)C1)C2)C12CC3CC(CC(C3)C1)C2.o1ccc(-c2ccccc2)n1	CS(=O)C	CN(C)P(N(C)C)(N(C)C)=NP(N(C)C)(N(C)C)=NCC	CCC1=CC=C(C=C1)NC2=CC=C(C=C2)C	CC(=O)[O-].CC(=O)[O-].[Pd+2]
37	80.39592	Nc1ccc(C)cc1.Brc1ccc(CC)cc1.P(c1c(OC)ccc(OC)c1-c1c(C(C)C)cc(C(C)C)cc1C(C)C)(C12CC3CC(CC(C3)C1)C2)C12CC3CC(CC(C3)C1)C2.o1ccc(-c2ccccc2)n1	CS(=O)C	CN1CCCN2C1=NCCC2	CCC1=CC=C(C=C1)NC2=CC=C(C=C2)C	CC(=O)[O-].CC(=O)[O-].[Pd+2]
38	0.66506	Nc1ccc(C)cc1.Brc1ccc(OC)cc1.P(c1ccccc1-c1c(C(C)C)cc(C(C)C)cc1C(C)C)(C1CCCCC1)C1CCCCC1.o1nccc1C(=O)OC	CS(=O)C	CC(C)(C)N=C(N(C)C)N(C)C	COC1=CC=C(C=C1)NC2=CC=C(C=C2)C	CC(=O)[O-].CC(=O)[O-].[Pd+2]
39	38.88073	Nc1ccc(C)cc1.Brc1ccccn1.P(c1ccccc1-c1c(C(C)C)cc(C(C)C)cc1C(C)C)(C(C)(C)C)C(C)(C)C.o1nccc1C	CS(=O)C	CN(C)P(N(C)C)(N(C)C)=NP(N(C)C)(N(C)C)=NCC	C1=CC=NC(=C1)NC2=CC=C(C=C2)C	CC(=O)[O-].CC(=O)[O-].[Pd+2]
40	17.14483	Nc1ccc(C)cc1.Ic1ccc(OC)cc1.P(c1ccccc1-c1c(C(C)C)cc(C(C)C)cc1C(C)C)(C(C)(C)C)C(C)(C)C.o1cc2ccccc2n1	CS(=O)C	CN(C)P(N(C)C)(N(C)C)=NP(N(C)C)(N(C)C)=NCC	COC1=CC=C(C=C1)NC2=CC=C(C=C2)C	CC(=O)[O-].CC(=O)[O-].[Pd+2]
41	75.38356	Nc1ccc(C)cc1.Brc1cccnc1.P(c1ccccc1-c1c(C(C)C)cc(C(C)C)cc1C(C)C)(C(C)(C)C)C(C)(C)C.o1nc(C)cc1C	CS(=O)C	CN(C)P(N(C)C)(N(C)C)=NP(N(C)C)(N(C)C)=NCC	C1=CC(=CN=C1)NC2=CC=C(C=C2)C	CC(=O)[O-].CC(=O)[O-].[Pd+2]
42	23.65087	Nc1ccc(C)cc1.Brc1ccccn1.P(c1ccccc1-c1c(C(C)C)cc(C(C)C)cc1C(C)C)(C(C)(C)C)C(C)(C)C.o1nccc1C(=O)OC	CS(=O)C	CN(C)P(N(C)C)(N(C)C)=NP(N(C)C)(N(C)C)=NCC	C1=CC=NC(=C1)NC2=CC=C(C=C2)C	CC(=O)[O-].CC(=O)[O-].[Pd+2]
43	15.44372	Nc1ccc(C)cc1.Ic1ccc(OC)cc1.CC(C)c1cc(C(C)C)c(-c2c(OC)ccc(OC)c2P(C(C)(C)C)C(C)(C)C)c(C(C)C)c1.o1cc2ccccc2n1	CS(=O)C	CN(C)P(N(C)C)(N(C)C)=NP(N(C)C)(N(C)C)=NCC	COC1=CC=C(C=C1)NC2=CC=C(C=C2)C	CC(=O)[O-].CC(=O)[O-].[Pd+2]
44	49.57379	Nc1ccc(C)cc1.Ic1ccc(OC)cc1.CC(C)c1cc(C(C)C)c(-c2c(OC)ccc(OC)c2P(C(C)(C)C)C(C)(C)C)c(C(C)C)c1.o1nc(C)cc1C	CS(=O)C	CN1CCCN2C1=NCCC2	COC1=CC=C(C=C1)NC2=CC=C(C=C2)C	CC(=O)[O-].CC(=O)[O-].[Pd+2]
45	36.05565	Nc1ccc(C)cc1.Clc1ccccn1.CC(C)c1cc(C(C)C)c(-c2c(OC)ccc(OC)c2P(C(C)(C)C)C(C)(C)C)c(C(C)C)c1.o1nccc1C(=O)OC	CS(=O)C	CN1CCCN2C1=NCCC2	C1=CC=NC(=C1)NC2=CC=C(C=C2)C	CC(=O)[O-].CC(=O)[O-].[Pd+2]
46	82.57086	Nc1ccc(C)cc1.Brc1ccccn1.P(c1c(OC)ccc(OC)c1-c1c(C(C)C)cc(C(C)C)cc1C(C)C)(C12CC3CC(CC(C3)C1)C2)C12CC3CC(CC(C3)C1)C2.o1nccc1C	CS(=O)C	CN1CCCN2C1=NCCC2	C1=CC=NC(=C1)NC2=CC=C(C=C2)C	CC(=O)[O-].CC(=O)[O-].[Pd+2]
47	77.63473	Nc1ccc(C)cc1.Brc1ccccn1.P(c1c(OC)ccc(OC)c1-c1c(C(C)C)cc(C(C)C)cc1C(C)C)(C12CC3CC(CC(C3)C1)C2)C12CC3CC(CC(C3)C1)C2.o1nc(C)cc1C	CS(=O)C	CN(C)P(N(C)C)(N(C)C)=NP(N(C)C)(N(C)C)=NCC	C1=CC=NC(=C1)NC2=CC=C(C=C2)C	CC(=O)[O-].CC(=O)[O-].[Pd+2]
48	83.80387	Nc1ccc(C)cc1.Brc1cccnc1.P(c1c(OC)ccc(OC)c1-c1c(C(C)C)cc(C(C)C)cc1C(C)C)(C12CC3CC(CC(C3)C1)C2)C12CC3CC(CC(C3)C1)C2.o1nc(C)cc1C	CS(=O)C	CN1CCCN2C1=NCCC2	C1=CC(=CN=C1)NC2=CC=C(C=C2)C	CC(=O)[O-].CC(=O)[O-].[Pd+2]
49	0	Nc1ccc(C)cc1.Ic1ccc(OC)cc1.P(c1ccccc1-c1c(C(C)C)cc(C(C)C)cc1C(C)C)(C1CCCCC1)C1CCCCC1.O(CC)C(=O)c1ccon1	CS(=O)C	CN(C)P(N(C)C)(N(C)C)=NP(N(C)C)(N(C)C)=NCC	COC1=CC=C(C=C1)NC2=CC=C(C=C2)C	CC(=O)[O-].CC(=O)[O-].[Pd+2]
50	60.47798	Nc1ccc(C)cc1.Brc1ccccn1.CC(C)c1cc(C(C)C)c(-c2c(OC)ccc(OC)c2P(C(C)(C)C)C(C)(C)C)c(C(C)C)c1.O(CC)C(=O)c1ccon1	CS(=O)C	CC(C)(C)N=C(N(C)C)N(C)C	C1=CC=NC(=C1)NC2=CC=C(C=C2)C	CC(=O)[O-].CC(=O)[O-].[Pd+2]
51	59.85587	Nc1ccc(C)cc1.Ic1ccc(CC)cc1.CC(C)c1cc(C(C)C)c(-c2c(OC)ccc(OC)c2P(C(C)(C)C)C(C)(C)C)c(C(C)C)c1.O(CC)C(=O)c1cnoc1C	CS(=O)C	CN1CCCN2C1=NCCC2	CCC1=CC=C(C=C1)NC2=CC=C(C=C2)C	CC(=O)[O-].CC(=O)[O-].[Pd+2]
52	2.0427	Nc1ccc(C)cc1.Ic1ccc(OC)cc1.CC(C)c1cc(C(C)C)c(-c2c(OC)ccc(OC)c2P(C(C)(C)C)C(C)(C)C)c(C(C)C)c1.O(CC)C(=O)c1cnoc1	CS(=O)C	CC(C)(C)N=C(N(C)C)N(C)C	COC1=CC=C(C=C1)NC2=CC=C(C=C2)C	CC(=O)[O-].CC(=O)[O-].[Pd+2]
53	57.19205	Nc1ccc(C)cc1.Brc1ccc(CC)cc1.P(c1ccccc1-c1c(C(C)C)cc(C(C)C)cc1C(C)C)(C(C)(C)C)C(C)(C)C.c1ccccc1CN(Cc1ccccc1)c1ccon1	CS(=O)C	CC(C)(C)N=C(N(C)C)N(C)C	CCC1=CC=C(C=C1)NC2=CC=C(C=C2)C	CC(=O)[O-].CC(=O)[O-].[Pd+2]
54	63.0777	Nc1ccc(C)cc1.Brc1cccnc1.P(c1ccccc1-c1c(C(C)C)cc(C(C)C)cc1C(C)C)(C(C)(C)C)C(C)(C)C.o1nc(C(=O)OC)cc1-c1ccco1	CS(=O)C	CC(C)(C)N=C(N(C)C)N(C)C	C1=CC(=CN=C1)NC2=CC=C(C=C2)C	CC(=O)[O-].CC(=O)[O-].[Pd+2]
55	62.03548	Nc1ccc(C)cc1.Ic1ccc(CC)cc1.CC(C)c1cc(C(C)C)c(-c2c(OC)ccc(OC)c2P(C(C)(C)C)C(C)(C)C)c(C(C)C)c1.O(CC)C(=O)c1cc(OC)no1	CS(=O)C	CC(C)(C)N=C(N(C)C)N(C)C	CCC1=CC=C(C=C1)NC2=CC=C(C=C2)C	CC(=O)[O-].CC(=O)[O-].[Pd+2]
56	60.94659	Nc1ccc(C)cc1.Brc1ccccn1.CC(C)c1cc(C(C)C)c(-c2c(OC)ccc(OC)c2P(C(C)(C)C)C(C)(C)C)c(C(C)C)c1.o1nc(C)cc1-c1ccccc1	CS(=O)C	CC(C)(C)N=C(N(C)C)N(C)C	C1=CC=NC(=C1)NC2=CC=C(C=C2)C	CC(=O)[O-].CC(=O)[O-].[Pd+2]
57	27.69709	Nc1ccc(C)cc1.Clc1ccccn1.P(c1c(OC)ccc(OC)c1-c1c(C(C)C)cc(C(C)C)cc1C(C)C)(C12CC3CC(CC(C3)C1)C2)C12CC3CC(CC(C3)C1)C2.O(CC)C(=O)c1cc(OC)no1	CS(=O)C	CC(C)(C)N=C(N(C)C)N(C)C	C1=CC=NC(=C1)NC2=CC=C(C=C2)C	CC(=O)[O-].CC(=O)[O-].[Pd+2]
58	73.81395	Nc1ccc(C)cc1.Brc1cccnc1.P(c1c(OC)ccc(OC)c1-c1c(C(C)C)cc(C(C)C)cc1C(C)C)(C12CC3CC(CC(C3)C1)C2)C12CC3CC(CC(C3)C1)C2.o1nc(C)cc1-c1ccccc1	CS(=O)C	CN1CCCN2C1=NCCC2	C1=CC(=CN=C1)NC2=CC=C(C=C2)C	CC(=O)[O-].CC(=O)[O-].[Pd+2]
59	1.47096	Nc1ccc(C)cc1.Clc1cccnc1.P(c1c(OC)ccc(OC)c1-c1c(C(C)C)cc(C(C)C)cc1C(C)C)(C12CC3CC(CC(C3)C1)C2)C12CC3CC(CC(C3)C1)C2.o1nc(C(=O)OC)cc1-c1ccco1	CS(=O)C	CC(C)(C)N=C(N(C)C)N(C)C	C1=CC(=CN=C1)NC2=CC=C(C=C2)C	CC(=O)[O-].CC(=O)[O-].[Pd+2]
60	53.88645	Nc1ccc(C)cc1.Ic1ccc(CC)cc1.P(c1ccccc1-c1c(C(C)C)cc(C(C)C)cc1C(C)C)(C1CCCCC1)C1CCCCC1.o1nc(-n2cccc2)cc1C	CS(=O)C	CN1CCCN2C1=NCCC2	CCC1=CC=C(C=C1)NC2=CC=C(C=C2)C	CC(=O)[O-].CC(=O)[O-].[Pd+2]
61	6.58127	Nc1ccc(C)cc1.Clc1ccc(CC)cc1.P(c1ccccc1-c1c(C(C)C)cc(C(C)C)cc1C(C)C)(C(C)(C)C)C(C)(C)C.c1ccccc1CN(Cc1ccccc1)c1ccno1	CS(=O)C	CN(C)P(N(C)C)(N(C)C)=NP(N(C)C)(N(C)C)=NCC	CCC1=CC=C(C=C1)NC2=CC=C(C=C2)C	CC(=O)[O-].CC(=O)[O-].[Pd+2]
62	0	Nc1ccc(C)cc1.Clc1cccnc1.P(c1c(OC)ccc(OC)c1-c1c(C(C)C)cc(C(C)C)cc1C(C)C)(C12CC3CC(CC(C3)C1)C2)C12CC3CC(CC(C3)C1)C2.Fc1cccc(F)c1-c1ccno1	CS(=O)C	CN1CCCN2C1=NCCC2	C1=CC(=CN=C1)NC2=CC=C(C=C2)C	CC(=O)[O-].CC(=O)[O-].[Pd+2]
63	29.01476	Nc1ccc(C)cc1.Brc1ccc(OC)cc1.P(c1c(OC)ccc(OC)c1-c1c(C(C)C)cc(C(C)C)cc1C(C)C)(C12CC3CC(CC(C3)C1)C2)C12CC3CC(CC(C3)C1)C2.c1ccccc1CN(Cc1ccccc1)c1ccno1	CS(=O)C	CN(C)P(N(C)C)(N(C)C)=NP(N(C)C)(N(C)C)=NCC	COC1=CC=C(C=C1)NC2=CC=C(C=C2)C	CC(=O)[O-].CC(=O)[O-].[Pd+2]
64	59.16217	Nc1ccc(C)cc1.Ic1cccnc1.P(c1c(OC)ccc(OC)c1-c1c(C(C)C)cc(C(C)C)cc1C(C)C)(C12CC3CC(CC(C3)C1)C2)C12CC3CC(CC(C3)C1)C2.c1ccccc1CN(Cc1ccccc1)c1ccno1	CS(=O)C	CC(C)(C)N=C(N(C)C)N(C)C	C1=CC(=CN=C1)NC2=CC=C(C=C2)C	CC(=O)[O-].CC(=O)[O-].[Pd+2]
65	49.20463	Nc1ccc(C)cc1.Brc1ccc(OC)cc1.P(c1c(OC)ccc(OC)c1-c1c(C(C)C)cc(C(C)C)cc1C(C)C)(C12CC3CC(CC(C3)C1)C2)C12CC3CC(CC(C3)C1)C2.o1nc(-n2cccc2)cc1C	CS(=O)C	CN(C)P(N(C)C)(N(C)C)=NP(N(C)C)(N(C)C)=NCC	COC1=CC=C(C=C1)NC2=CC=C(C=C2)C	CC(=O)[O-].CC(=O)[O-].[Pd+2]
66	74.90353	Nc1ccc(C)cc1.Ic1ccc(CC)cc1.P(c1c(OC)ccc(OC)c1-c1c(C(C)C)cc(C(C)C)cc1C(C)C)(C12CC3CC(CC(C3)C1)C2)C12CC3CC(CC(C3)C1)C2.o1nc(-n2cccc2)cc1C	CS(=O)C	CN1CCCN2C1=NCCC2	CCC1=CC=C(C=C1)NC2=CC=C(C=C2)C	CC(=O)[O-].CC(=O)[O-].[Pd+2]
67	20.54633	Nc1ccc(C)cc1.Brc1ccc(OC)cc1.P(c1c(OC)ccc(OC)c1-c1c(C(C)C)cc(C(C)C)cc1C(C)C)(C12CC3CC(CC(C3)C1)C2)C12CC3CC(CC(C3)C1)C2.s1cccc1-c1cc(C(=O)OC)no1	CS(=O)C	CC(C)(C)N=C(N(C)C)N(C)C	COC1=CC=C(C=C1)NC2=CC=C(C=C2)C	CC(=O)[O-].CC(=O)[O-].[Pd+2]
68	0	C#CC1=CC=CC=C1.IC1=CC=C(C(C)=O)C=C1.N[C@H]1[C@H](N)CCCC1	C1COCCO1	[O-]P([O-])([O-])=O.[K+].[K+].[K+]	O=C(C2=CC=C(C=C2)C#CC1=CC=CC=C1)C	O=C(C2=CC=C(C=C2)C#CC1=CC=CC=C1)C
69	37	OB(C1=CC=CC=C1)O.BrC#CC1=CC=CC=C1	CCO	[O-]P([O-])([O-])=O.[K+].[K+].[K+]	C1(C#CC2=CC=CC=C2)=CC=CC=C1	C1(C#CC2=CC=CC=C2)=CC=CC=C1
70	86	COC1=CC=C(C#C)C=C1.BrC#CC1=CC=CC=C1	CCO	O=C([O-])[O-].[K+].[K+]	COC1=CC=C(C#CC#CC2=CC=CC=C2)C=C1	COC1=CC=C(C#CC#CC2=CC=CC=C2)C=C1
71	0	COC1=CC=C(C#C)C=C1.BrC#CC1=CC=CC=C1	CO	O=C([O-])[O-].[K+].[K+]	COC1=CC=C(C#CC#CC2=CC=CC=C2)C=C1	COC1=CC=C(C#CC#CC2=CC=CC=C2)C=C1
72	23	C#CC1=CC=CC=C1.IC1=CC=C(C(C)=O)C=C1.C12=CC=C3C(N=CC=C3)=C1N=CC=C2	O1CCOCC1	[O-]P([O-])([O-])=O.[K+].[K+].[K+]	O=C(C2=CC=C(C=C2)C#CC1=CC=CC=C1)C	O=C(C2=CC=C(C=C2)C#CC1=CC=CC=C1)C
73	79	C#CC1=CC=CC=C1.IC1=CC=C(N)C=C1.CNCCNC	O1CCOCC1	[O-]P([O-])([O-])=O.[K+].[K+].[K+]	NC2=CC=C(C=C2)C#CC1=CC=CC=C1	NC2=CC=C(C=C2)C#CC1=CC=CC=C1
74	46	OB(C1=CC=CC=C1)O.BrC#CC1=CC=C(C)C=C1.CNCCNC	O1CCCC1	[O-]P([O-])([O-])=O.[K+].[K+].[K+]	CC1=CC=C(C#CC2=CC=CC=C2)C=C1	CC1=CC=C(C#CC2=CC=CC=C2)C=C1
75	69	OB(C1=CC=CC=C1)O.BrC#CC1=CC=C(C)C=C1.CNCCNC	O1CCCC1	[O-]P([O-])([O-])=O.[K+].[K+].[K+]	CC1=CC=C(C#CC2=CC=CC=C2)C=C1	CC1=CC=C(C#CC2=CC=CC=C2)C=C1
76	31	OC1=CC=CC=C1.IC1=CC=C([N+]([O-])=O)C=C1.OC(C1CCCN1)=O	CC#N	Â [OH-].[K+]	O=[N+](C(C=C1)=CC=C1OC2=CC=CC=C2)[O-]	O=[N+](C(C=C1)=CC=C1OC2=CC=CC=C2)[O-]
77	90	CC1(C)COB(C2=CC=CC=C2)OC1.ClC1=CC=CC=N1.C1(C2=CC(C3=CC=CC=C3)=CC(C4=NC=CC=C4)=N2)=CC=CC=N1	O1CCCC1	C[O-].[K+]	C1(C2=CC=CC=C2)=CC=CC=N1	C1(C2=CC=CC=C2)=CC=CC=N1
78	74	CC1(C)COB(C2=CC=CC=C2)OC1.ClC1=CC=C(Br)C=N1.C1(C2=CC(C3=CC=CC=C3)=CC(C4=NC=CC=C4)=N2)=CC=CC=N1	CN(C=O)C	C[O-].[K+]	BrC(C=N1)=CC=C1C2=CC=CC=C2	BrC(C=N1)=CC=C1C2=CC=CC=C2
79	93	SC1=CC=CC=C1.IC1=CC=C(OC)C=C1.N1(CC2)CCN2CC1	CC#N	O=C([O-])[O-].[K+].[K+]	COC(C=C1)=CC=C1SC2=CC=CC=C2	COC(C=C1)=CC=C1SC2=CC=CC=C2
80	96	C#CC1=CC=CC=C1.IC1=CC=C(OC)C=C1.C12=CC=CC=C1C=CC(NCC3=CC=CC=C3)=C2C4=C(C=CC=C5)C5=CC=C4NCC6=CC=CC=C6	CN(C=O)C	O=C([O-])[O-].[K+].[K+]	COC2=CC=C(C=C2)C#CC1=CC=CC=C1	COC2=CC=C(C=C2)C#CC1=CC=CC=C1
81	71	OC1=CC=CC=C1.IC1=CC=C(OC)C=C1.CN(C)CC(O)=O.Cl	C1COCCO1	O=C([O-])[O-].[Cs+].[Cs+]	COC(C=C1)=CC=C1OC2=CC=CC=C2	COC(C=C1)=CC=C1OC2=CC=CC=C2
82	66	C1=CC=CC=C1.BrC(C=C1)=CC=C1OC.CNCCNC	C1=CC=CC=C1	C[Si](C)(C)N([Li])[Si](C)(C)C	COC1=CC=C(C=C1)C2=CC=CC=C2	COC1=CC=C(C=C1)C2=CC=CC=C2
83	34	SC1=CC=CC=C1.IC1=CC=C(C(C)=O)C=C1.OC(C1CCCN1)=O	O1CCCC1	O=C([O-])[O-].[K+].[K+]	O=C(C)C1=CC=C(SC2=CC=CC=C2)C=C1	O=C(C)C1=CC=C(SC2=CC=CC=C2)C=C1
84	0	SC1=CC=CC=C1.IC1=CC=C(C(C)=O)C=C1.OC(C1CCCN1)=O	CC#N	CC(C)(C)[O-].[Na+]	O=C(C)C1=CC=C(SC2=CC=CC=C2)C=C1	O=C(C)C1=CC=C(SC2=CC=CC=C2)C=C1
85	73	C1(NC2=CC=CC=C2)=CC=CC=C1.BrC1=CC=CC=C1	CC1=CC=CC=C1	CC(C)(C)[O-].[K+]	C1(N(C2=CC=CC=C2)C3=CC=CC=C3)=CC=CC=C1	C1(N(C2=CC=CC=C2)C3=CC=CC=C3)=CC=CC=C1
86	97	C#CC1=CC=CC=C1.IC1=CC=CC=C1.CNCCNC	C1COCCO1	O=C([O-])[O-].[Cs+].[Cs+]	C1(C#CC2=CC=CC=C2)=CC=CC=C1	C1(C#CC2=CC=CC=C2)=CC=CC=C1
87	85	C#CC1=CC=CC=C1.IC1=CC=CC=C1.CNCCNC	C1COCCO1	O=C([O-])[O-].[Cs+].[Cs+]	C1(C#CC2=CC=CC=C2)=CC=CC=C1	C1(C#CC2=CC=CC=C2)=CC=CC=C1
88	10	C#CC1=CC=CC=C1.IC1=CC=CC=C1.CN(C)CCN(C)C	C1COCCO1	O=C([O-])[O-].[Cs+].[Cs+]	C1(C#CC2=CC=CC=C2)=CC=CC=C1	C1(C#CC2=CC=CC=C2)=CC=CC=C1
89	13	C#CC1=CC=CC=C1.IC1=CC=CC=C1.CNCC(O)=O	C1COCCO1	O=C([O-])[O-].[Cs+].[Cs+]	C1(C#CC2=CC=CC=C2)=CC=CC=C1	C1(C#CC2=CC=CC=C2)=CC=CC=C1
90	52	C#CC1=CC=CC=C1.IC1=CC=C(C(C)=O)C=C1.O=C(CC(C1=CC=CC=C1)=O)C2=CC=CC=C2	CN(C=O)C	O=C([O-])[O-].[K+].[K+]	O=C(C2=CC=C(C=C2)C#CC1=CC=CC=C1)C	O=C(C2=CC=C(C=C2)C#CC1=CC=CC=C1)C
91	60	C#CC1=CC=CC=C1.IC1=CC=C(C(C)=O)C=C1.O=C(CC(C1=CC=CC=C1)=O)C2=CC=CC=C2	CN(C=O)C	O=C([O-])[O-].[K+].[K+]	O=C(C2=CC=C(C=C2)C#CC1=CC=CC=C1)C	O=C(C2=CC=C(C=C2)C#CC1=CC=CC=C1)C
